category,title,description,blogger,date,link,sentiment_score,sentiment_interpretation,search_query,search_lang,collected_at,platform,sort_option,sentiment_method
수면-이완,UNSCAM: Oil for Money | MetaFilter,fyi - you might aslo want to check cheney's push for relaxation of restriction on us... development aid. Oil-For-Food: Where Was the Security Council? Office of the Iraq Programme: Oil... ,MetaFilter | Community Weblog,19900101,https://www.metafilter.com/32587/UNSCAM-Oil-for-Money,0,"긍정과 부정이 혼재하거나 뚜렷한 감정 표현이 적어, 수면·이완(담요/수면 보조/힐링 관련) 제품에 대한 평가에 대해 중립에 가까운 평가가 많습니다.",sleep relaxation blanket cozy blanket weighted blanket sleep aid,en,2025-01-15,naver_blog,date,rule_based_custom_korean_lexicon_v1
수면-이완,Rex Parker Does the NYT Crossword Puzzle: Don Juan's... ,"with a hint to 20-, 24-/27- and 32-/37-Across) — theme answers are kinds of fields (?) that are also things upon which you sleep, perchance to dream: Theme answers: BLANKET OF SNOW... ",Rex Parker Does the NYT Crossword Puzzle,19900101,https://rexwordpuzzle.blogspot.com/2020/06/don-juans-mother-wed-6-17-20-1960s-band.html,0,"긍정과 부정이 혼재하거나 뚜렷한 감정 표현이 적어, 수면·이완(담요/수면 보조/힐링 관련) 제품에 대한 평가에 대해 중립에 가까운 평가가 많습니다.",sleep relaxation blanket cozy blanket weighted blanket sleep aid,en,2025-01-15,naver_blog,date,rule_based_custom_korean_lexicon_v1
수면-이완,message / Sleep aid said to reduce anxiety / Ending... ,"message / Sleep aid said to reduce anxiety / Ending with play or plate / Frequently flooded... But still, stuff like BALAYAGE, HASHTAGS, STREET FOOD, WEIGHTED BLANKET, STILETTOS, POWER... ",Rex Parker Does the NYT Crossword Puzzle,19900101,https://rexwordpuzzle.blogspot.com/2022/08/constructor-agard-and-brooke-husic.html,0,"긍정과 부정이 혼재하거나 뚜렷한 감정 표현이 적어, 수면·이완(담요/수면 보조/힐링 관련) 제품에 대한 평가에 대해 중립에 가까운 평가가 많습니다.",sleep relaxation blanket cozy blanket weighted blanket sleep aid,en,2025-01-15,naver_blog,date,rule_based_custom_korean_lexicon_v1
수면-이완,Nagasaki Mon Amour | MetaFilter,"attempting sleep for another couple of hours at least), but all the same, thanks for... the aid stations), associated with extreme weakness. They died in the first and second weeks... ",MetaFilter | Community Weblog,19900101,https://www.metafilter.com/136419/Nagasaki-Mon-Amour,0,"긍정과 부정이 혼재하거나 뚜렷한 감정 표현이 적어, 수면·이완(담요/수면 보조/힐링 관련) 제품에 대한 평가에 대해 중립에 가까운 평가가 많습니다.",sleep relaxation blanket cozy blanket weighted blanket sleep aid,en,2025-01-15,naver_blog,date,rule_based_custom_korean_lexicon_v1
수면-이완,Rex Parker Does the NYT Crossword Puzzle: Blows one's... ,"Blows one's top / TUES 1-26-21 / Snoring symbols / California's motto / Bigfoot or yeti Tuesday, January 26, 2021 Hello! It’s Clare back for the last Tuesday in January. Hope you’ve... ",Rex Parker Does the NYT Crossword Puzzle,19900101,https://rexwordpuzzle.blogspot.com/2021/01/blows-ones-top-tues-1-26-21-snoring.html,0,"긍정과 부정이 혼재하거나 뚜렷한 감정 표현이 적어, 수면·이완(담요/수면 보조/힐링 관련) 제품에 대한 평가에 대해 중립에 가까운 평가가 많습니다.",sleep relaxation blanket cozy blanket weighted blanket sleep aid,en,2025-01-15,naver_blog,date,rule_based_custom_korean_lexicon_v1
수면-이완,"Caray, Caray!: PRIMETIME on Univisión (#1): Diseñando... ","Monday, May 17, 2021 PRIMETIME on Univisión (#1): Diseñando Tu Amor, ¿Te Acuerdas de Mi? & La Hija del Embajador - Week of May 17, 2021 ANNOUNCEMENTS: 1) Si Nos Dejan premieres on... ","Caray, Caray!",19900101,http://caraycaray.blogspot.com/2021/05/primetime-on-univision-1-disenando-tu_0752455857.html,0,"긍정과 부정이 혼재하거나 뚜렷한 감정 표현이 적어, 수면·이완(담요/수면 보조/힐링 관련) 제품에 대한 평가에 대해 중립에 가까운 평가가 많습니다.",sleep relaxation blanket cozy blanket weighted blanket sleep aid,en,2025-01-15,naver_blog,date,rule_based_custom_korean_lexicon_v1
수면-이완,"As Man Lay Dying, Witnesses Turned Away","some sleep!). one night i was drinking and i heard the fights start up again. however, this... my aid, even though I realize that the chances of that are slim. posted by Orb at 3:50 PM... ",MetaFilter | Community Weblog,20030215,https://www.metafilter.com/23596/As-Man-Lay-Dying-Witnesses-Turned-Away,0,"긍정과 부정이 혼재하거나 뚜렷한 감정 표현이 적어, 수면·이완(담요/수면 보조/힐링 관련) 제품에 대한 평가에 대해 중립에 가까운 평가가 많습니다.",sleep relaxation blanket cozy blanket weighted blanket sleep aid,en,2025-01-15,naver_blog,date,rule_based_custom_korean_lexicon_v1
수면-이완,"Willa Cather, Song of the Lark","as if on a night like this there ought to be something better to do than to sleep nine hours, or to assist Mrs. Kronborg in functions which she could have performed so admirably... ",밤과 꿈,20050304,https://blog.naver.com/alexdupont/40011002095,0,"긍정과 부정이 혼재하거나 뚜렷한 감정 표현이 적어, 수면·이완(담요/수면 보조/힐링 관련) 제품에 대한 평가에 대해 중립에 가까운 평가가 많습니다.",sleep relaxation blanket cozy blanket weighted blanket sleep aid,en,2025-01-15,naver_blog,date,rule_based_custom_korean_lexicon_v1
수면-이완,"Ann Rice, The Vampire Chronicles &lt;Merrick&gt;","When that story ended, Lestat had wakened from a long sleep in New Orleans to listen to... And you're being as cranky as the spirit of Samuel when the witch raised him from his sleep.... ",밤과 꿈,20050316,https://blog.naver.com/alexdupont/40011333045,0,"긍정과 부정이 혼재하거나 뚜렷한 감정 표현이 적어, 수면·이완(담요/수면 보조/힐링 관련) 제품에 대한 평가에 대해 중립에 가까운 평가가 많습니다.",sleep relaxation blanket cozy blanket weighted blanket sleep aid,en,2025-01-15,naver_blog,date,rule_based_custom_korean_lexicon_v1
수면-이완,"Joseph Heller, Catch-22","'Who gives a shit?' he asked tiredly, and turned over on his side to go to sleep. The Texan turned out to be good-natured, generous and likable. In three days no one could stand him. He... ",밤과 꿈,20050601,https://blog.naver.com/alexdupont/40013712970,0,"긍정과 부정이 혼재하거나 뚜렷한 감정 표현이 적어, 수면·이완(담요/수면 보조/힐링 관련) 제품에 대한 평가에 대해 중립에 가까운 평가가 많습니다.",sleep relaxation blanket cozy blanket weighted blanket sleep aid,en,2025-01-15,naver_blog,date,rule_based_custom_korean_lexicon_v1
수면-이완,THE STARK MUNRO LETTERS,"THE STARK MUNRO LETTERS EDITED AND ARRANGED BY A. CONAN DOYLE BEING A SERIES OF TWELVE LETTERS WRITTEN BY J. STARK MUNRO, M.B., TO HIS FRIEND AND FORMER FELLOW-STUDENT, HERBERT... ",나의 Blog,20070124,https://blog.naver.com/kimchelsea18/20033160584,0,"긍정과 부정이 혼재하거나 뚜렷한 감정 표현이 적어, 수면·이완(담요/수면 보조/힐링 관련) 제품에 대한 평가에 대해 중립에 가까운 평가가 많습니다.",sleep relaxation blanket cozy blanket weighted blanket sleep aid,en,2025-01-15,naver_blog,date,rule_based_custom_korean_lexicon_v1
수면-이완,THE MATRIX-매트릭스,"THE MATRIX Written by Larry and Andy Wachowski April 8, 1996 FADE IN ON: COMPUTER SCREEN So close it has no boundaries. A blinking cursor pulses in the electric darkness like a heart... ",나의 Blog,20070125,https://blog.naver.com/kimchelsea18/20033182896,0,"긍정과 부정이 혼재하거나 뚜렷한 감정 표현이 적어, 수면·이완(담요/수면 보조/힐링 관련) 제품에 대한 평가에 대해 중립에 가까운 평가가 많습니다.",sleep relaxation blanket cozy blanket weighted blanket sleep aid,en,2025-01-15,naver_blog,date,rule_based_custom_korean_lexicon_v1
수면-이완,SEVEN-세븐,"Ambulance attendants administer aid to the victim, who convulses. Somerset moves by... He frees the metronome's weighted swingarm so it moves back and forth. Swings to the left -- TICK... ",나의 Blog,20070125,https://blog.naver.com/kimchelsea18/20033182948,0,"긍정과 부정이 혼재하거나 뚜렷한 감정 표현이 적어, 수면·이완(담요/수면 보조/힐링 관련) 제품에 대한 평가에 대해 중립에 가까운 평가가 많습니다.",sleep relaxation blanket cozy blanket weighted blanket sleep aid,en,2025-01-15,naver_blog,date,rule_based_custom_korean_lexicon_v1
수면-이완,해리 포터 4권 &lt;불의 잔&gt; 원서 下,CHAPTER TWENTY-TWO - THE UNEXPECTED TASK Potter! Weasley! Will you pay attention?' Professor McGonagall's irritated voice cracked like a whip through the Transfiguration class on... ,꼼블log,20070812,https://blog.naver.com/qqomu/120041227301,0,"긍정과 부정이 혼재하거나 뚜렷한 감정 표현이 적어, 수면·이완(담요/수면 보조/힐링 관련) 제품에 대한 평가에 대해 중립에 가까운 평가가 많습니다.",sleep relaxation blanket cozy blanket weighted blanket sleep aid,en,2025-01-15,naver_blog,date,rule_based_custom_korean_lexicon_v1
수면-이완,불면증 처방 13 가지,This is the best-studied herbal sleep aid. Research shows that extracts of the root not... Finding Dreamland: 13 Insomnia Remedies Learn and practice relaxation techniques The harder... ,竹絢님의 BLOG,20081224,https://blog.naver.com/genrlkim/130039596034,0,"긍정과 부정이 혼재하거나 뚜렷한 감정 표현이 적어, 수면·이완(담요/수면 보조/힐링 관련) 제품에 대한 평가에 대해 중립에 가까운 평가가 많습니다.",sleep relaxation blanket cozy blanket weighted blanket sleep aid,en,2025-01-15,naver_blog,date,rule_based_custom_korean_lexicon_v1
수면-이완,토목용어사전-3,"보조기층배수 (補助基層排水, subbase drainage) 노상이 불투성인 경우 노면에서 도로의 보조기층 내에서 노면으로부터 침투한 우수나 인접지로부터의 침투수 등을 모아서 배수하는 것. 보조기층의... ",나만의영상모음집!LOVEIY,20090227,https://blog.naver.com/vocoga7306/80064199968,0,"긍정과 부정이 혼재하거나 뚜렷한 감정 표현이 적어, 수면·이완(담요/수면 보조/힐링 관련) 제품에 대한 평가에 대해 중립에 가까운 평가가 많습니다.",sleep relaxation blanket cozy blanket weighted blanket sleep aid,en,2025-01-15,naver_blog,date,rule_based_custom_korean_lexicon_v1
수면-이완,의학용어 ▒,"사강환기 dead space ventilation 사경 torticollis 사고 accident, casualty, thinking, thought 사고두절 blocking of thought사사슬알균감염후토리콩팥염 사고빈곤 poverty of thought... ",미소지향 김지향,20090319,https://blog.naver.com/33teziyebi/120065394412,0,"긍정과 부정이 혼재하거나 뚜렷한 감정 표현이 적어, 수면·이완(담요/수면 보조/힐링 관련) 제품에 대한 평가에 대해 중립에 가까운 평가가 많습니다.",sleep relaxation blanket cozy blanket weighted blanket sleep aid,en,2025-01-15,naver_blog,date,rule_based_custom_korean_lexicon_v1
수면-이완,voca (alphabetical order),"옹호자, 주창자 advocation : 옹호, 주창 aerospace : 항공 AFDC : Aid to Families with Dependent... 전속부관 aid : 원조, 지원 ailing : 병든, 병약한 ailment : 불쾌, 우환, 가벼운 질병 aim at : --을... ",Life is a beautiful disaster.,20090329,https://blog.naver.com/gadgetcat/80065852157,0,"긍정과 부정이 혼재하거나 뚜렷한 감정 표현이 적어, 수면·이완(담요/수면 보조/힐링 관련) 제품에 대한 평가에 대해 중립에 가까운 평가가 많습니다.",sleep relaxation blanket cozy blanket weighted blanket sleep aid,en,2025-01-15,naver_blog,date,rule_based_custom_korean_lexicon_v1
수면-이완,[health] 6 Natural Tips for Deep Sleep,"practicing relaxation before bed, like the Stress Release meditation below. 2. When Food... because milk is rich in the amino acid tryptophan, it can sometimes aid in deep sleep. Mix in... ","사랑을 검으로 삼고, 유머를 방패로 삼으라~!!!",20090409,https://blog.naver.com/fanclub200/120066580842,0,"긍정과 부정이 혼재하거나 뚜렷한 감정 표현이 적어, 수면·이완(담요/수면 보조/힐링 관련) 제품에 대한 평가에 대해 중립에 가까운 평가가 많습니다.",sleep relaxation blanket cozy blanket weighted blanket sleep aid,en,2025-01-15,naver_blog,date,rule_based_custom_korean_lexicon_v1
수면-이완,토목 영어,apparent relaxation 겉보기릴랙세이션 apparent specific gravity 겉보기비중 apparent velocity 겉보기 유속 apporach surface 진입표면 approach 접근부 approach area 진입구역 approach... ,GUNSUL & SAFE & ISSUE,20100120,https://gunsulnet.tistory.com/337,0,"긍정과 부정이 혼재하거나 뚜렷한 감정 표현이 적어, 수면·이완(담요/수면 보조/힐링 관련) 제품에 대한 평가에 대해 중립에 가까운 평가가 많습니다.",sleep relaxation blanket cozy blanket weighted blanket sleep aid,en,2025-01-15,naver_blog,date,rule_based_custom_korean_lexicon_v1
수면-이완,The Village,(voice cracks) Who's breath will I listen to so that I may sleep ? Who's hand will I hold... GREEN EYES -and other events have weighted on my thoughts. We have been taught of the greed... ,나의 Blog,20100405,https://blog.naver.com/kimchelsea18/20103427438,0,"긍정과 부정이 혼재하거나 뚜렷한 감정 표현이 적어, 수면·이완(담요/수면 보조/힐링 관련) 제품에 대한 평가에 대해 중립에 가까운 평가가 많습니다.",sleep relaxation blanket cozy blanket weighted blanket sleep aid,en,2025-01-15,naver_blog,date,rule_based_custom_korean_lexicon_v1
수면-이완,The Adventure,"sleep well? ANNA Yes, fairly well. But I went to bed last night planning to do some thinking about a number of things ... instead, I fell asleep. CLAUDIA I didn't know one could sleep... ",나의 Blog,20100410,https://blog.naver.com/kimchelsea18/20103725668,0,"긍정과 부정이 혼재하거나 뚜렷한 감정 표현이 적어, 수면·이완(담요/수면 보조/힐링 관련) 제품에 대한 평가에 대해 중립에 가까운 평가가 많습니다.",sleep relaxation blanket cozy blanket weighted blanket sleep aid,en,2025-01-15,naver_blog,date,rule_based_custom_korean_lexicon_v1
수면-이완,멀티 쿠션 - WondaWedge(원다웨지),"Sleep aid for GERD, Acid Reflux, respiratory problems, Scoliosis, Sciatica 19. Pregnancy relaxation aid/breast feeding back support and birthing class pillow 20. Gaming/television floor seat... ",SmartGeeks - New and Uinque Products,20120126,https://blog.naver.com/smartgeeks/80151462711,0,"긍정과 부정이 혼재하거나 뚜렷한 감정 표현이 적어, 수면·이완(담요/수면 보조/힐링 관련) 제품에 대한 평가에 대해 중립에 가까운 평가가 많습니다.",sleep relaxation blanket cozy blanket weighted blanket sleep aid,en,2025-01-15,naver_blog,date,rule_based_custom_korean_lexicon_v1
수면-이완,Goo일일사전 표제어 190001~200000,［Volume Weighted Average Price］フィン【fin】ふいん【父音】ふいん【府尹】ふいん【訃音】ぶいん【部員】ぶいん【無音】フィンウゴルごは【フィンウゴル語派】フィンガー【finger】... ,오늘 하루도 サアカゲ!!! - Musha,20120413,https://blog.naver.com/musha3630/80157799933,0,"긍정과 부정이 혼재하거나 뚜렷한 감정 표현이 적어, 수면·이완(담요/수면 보조/힐링 관련) 제품에 대한 평가에 대해 중립에 가까운 평가가 많습니다.",sleep relaxation blanket cozy blanket weighted blanket sleep aid,en,2025-01-15,naver_blog,date,rule_based_custom_korean_lexicon_v1
수면-이완,TALES OF MEAN STREETS 도입,"of relaxation. About five years ago he resigned his office on the Trust, and, occupying... there are coal and blanket funds there, all perennially insolvent, and everybody always wants a... ","튼살,화상,사고흉터 한방안이비인후과피부과전문",20120827,https://blog.naver.com/imaginehan/10146206481,0,"긍정과 부정이 혼재하거나 뚜렷한 감정 표현이 적어, 수면·이완(담요/수면 보조/힐링 관련) 제품에 대한 평가에 대해 중립에 가까운 평가가 많습니다.",sleep relaxation blanket cozy blanket weighted blanket sleep aid,en,2025-01-15,naver_blog,date,rule_based_custom_korean_lexicon_v1
수면-이완,Aromatherapy in pregnancy,of relaxation throughout the last few months. In addition to buying and mixing your own... Rosewood: A deliciously scented oil that has a mild sedative effect to aid sleep-deprived mums... ,Tammy's table-,20130716,https://blog.naver.com/khamilove/20191813526,0,"긍정과 부정이 혼재하거나 뚜렷한 감정 표현이 적어, 수면·이완(담요/수면 보조/힐링 관련) 제품에 대한 평가에 대해 중립에 가까운 평가가 많습니다.",sleep relaxation blanket cozy blanket weighted blanket sleep aid,en,2025-01-15,naver_blog,date,rule_based_custom_korean_lexicon_v1
수면-이완,"2015년 洋의 해, 첫 포스트입니다 (여행갈 장소를 소개합니다)",com) has 34 rooms ranging from compact singles to small apartments that sleep up to four... and relaxation. An international group of chefs has set up the country’s finest tables there... ,조선닷컴 골프카페 매니저의 블로그,20150102,https://blog.naver.com/yhkim13/220227828104,0,"긍정과 부정이 혼재하거나 뚜렷한 감정 표현이 적어, 수면·이완(담요/수면 보조/힐링 관련) 제품에 대한 평가에 대해 중립에 가까운 평가가 많습니다.",sleep relaxation blanket cozy blanket weighted blanket sleep aid,en,2025-01-15,naver_blog,date,rule_based_custom_korean_lexicon_v1
수면-이완,Turkish Harems and Circassian Homes 15,"&lt;!--[if !supportEmptyParas]--&gt; &lt;!--[endif]--&gt; The long sloping roofs, weighted by large... a blanket; but what can monks wish for more? In the Greek Church, the severity of monastic... ","튼살,화상,사고흉터 한방안이비인후과피부과전문",20150420,https://blog.naver.com/imaginehan/220336026820,0,"긍정과 부정이 혼재하거나 뚜렷한 감정 표현이 적어, 수면·이완(담요/수면 보조/힐링 관련) 제품에 대한 평가에 대해 중립에 가까운 평가가 많습니다.",sleep relaxation blanket cozy blanket weighted blanket sleep aid,en,2025-01-15,naver_blog,date,rule_based_custom_korean_lexicon_v1
수면-이완,Turkish Harems and Circassian Homes 15,"&lt;!--[if !supportEmptyParas]--&gt; &lt;!--[endif]--&gt; The long sloping roofs, weighted by large... a blanket; but what can monks wish for more? In the Greek Church, the severity of monastic... ","튼살,화상,사고흉터 한방안이비인후과피부과전문",20150420,https://blog.naver.com/imaginehan/220336026924,0,"긍정과 부정이 혼재하거나 뚜렷한 감정 표현이 적어, 수면·이완(담요/수면 보조/힐링 관련) 제품에 대한 평가에 대해 중립에 가까운 평가가 많습니다.",sleep relaxation blanket cozy blanket weighted blanket sleep aid,en,2025-01-15,naver_blog,date,rule_based_custom_korean_lexicon_v1
수면-이완,...........,ET •California’s governor proposes state stimulus checks to augment federal aid. •An outbreak on a long flight raises questions about airline safety measures. •As the lagging U.S.... ,abdkse님의블로그,20170829,https://blog.naver.com/abdkse/221084583640,0,"긍정과 부정이 혼재하거나 뚜렷한 감정 표현이 적어, 수면·이완(담요/수면 보조/힐링 관련) 제품에 대한 평가에 대해 중립에 가까운 평가가 많습니다.",sleep relaxation blanket cozy blanket weighted blanket sleep aid,en,2025-01-15,naver_blog,date,rule_based_custom_korean_lexicon_v1
수면-이완,Here's How The Latest Sleep-Science Gadgets Affected My... ,"the blanket through the night. But Chunglo explains that to create an optimal sleep... Lavender, for instance, has been used for centuries to promote relaxation. Some studies have found... ",https://www.fastcompany.com/,20170918,https://www.fastcompany.com/40461437/heres-how-the-latest-sleep-science-gadgets-effected-my-productivity,0,"긍정과 부정이 혼재하거나 뚜렷한 감정 표현이 적어, 수면·이완(담요/수면 보조/힐링 관련) 제품에 대한 평가에 대해 중립에 가까운 평가가 많습니다.",sleep relaxation blanket cozy blanket weighted blanket sleep aid,en,2025-01-15,naver_blog,date,rule_based_custom_korean_lexicon_v1
수면-이완,"Polar Vortex, Volar Schmortex: the UK goes onto red alert","Polar Vortex, Volar Schmortex: the UK goes onto red alert February 28, 2018 10:09 AM Subscribe As we canter through the last century of humanity and the north pole becomes the next/last... ",MetaFilter | Community Weblog,20180228,https://www.metafilter.com/172663/Polar-Vortex-Volar-Schmortex-the-UK-goes-onto-red-alert,0,"긍정과 부정이 혼재하거나 뚜렷한 감정 표현이 적어, 수면·이완(담요/수면 보조/힐링 관련) 제품에 대한 평가에 대해 중립에 가까운 평가가 많습니다.",sleep relaxation blanket cozy blanket weighted blanket sleep aid,en,2025-01-15,naver_blog,date,rule_based_custom_korean_lexicon_v1
수면-이완,경기 광주 영어 과외; 수능 어휘력 문제,"CPR is an example of first aid. It is easy to learn, but you shouldn't learn it from a book. You should receive instruction in a class where you can practice in front of the instructor until you... ",송영곤FunE,20180719,https://blog.naver.com/suneung-english/221322478143,-1,"대체로 약한 부정 경향이 나타나며, 수면·이완(담요/수면 보조/힐링 관련) 제품에 대한 평가에서 일부 기능·편의성·성능에 대한 아쉬움이 보고됩니다.",sleep relaxation blanket cozy blanket weighted blanket sleep aid,en,2025-01-15,naver_blog,date,rule_based_custom_korean_lexicon_v1
수면-이완,Can this biohacking relaxation center make you more... ,with relaxation—and feel awfully snuggly as the attendant cements my position with a weighted gravity blanket. It’s been a harrowing day on the New York City subway system and I am... ,Fast Company,20180806,https://www.fastcompany.com/90211992/after-a-day-of-stress-i-reboot-at-recover-should-you,0,"긍정과 부정이 혼재하거나 뚜렷한 감정 표현이 적어, 수면·이완(담요/수면 보조/힐링 관련) 제품에 대한 평가에 대해 중립에 가까운 평가가 많습니다.",sleep relaxation blanket cozy blanket weighted blanket sleep aid,en,2025-01-15,naver_blog,date,rule_based_custom_korean_lexicon_v1
수면-이완,"Raymond Chandler Farewell, My Lovely","Raymond Chandler Farewell, My Lovely (1940) © R.Chandler, Farewell, My Lovely, 1940 E-Text: Greylib . Contents 1 2 3 4 5 6 7 8 9 10 11 12 13 14 15 16 17 18 19 20 21 22 23 24 25 26 27... ",인드라의 그물,20180923,https://blog.naver.com/sunupland/221364432913,0,"긍정과 부정이 혼재하거나 뚜렷한 감정 표현이 적어, 수면·이완(담요/수면 보조/힐링 관련) 제품에 대한 평가에 대해 중립에 가까운 평가가 많습니다.",sleep relaxation blanket cozy blanket weighted blanket sleep aid,en,2025-01-15,naver_blog,date,rule_based_custom_korean_lexicon_v1
수면-이완,산업용품해외구매는 '유에스일공일'로 문의주세요.... ,"국내에서 구매가 불가능한 산업용품,기계부속 ,전기,전자,금속, 바이오,화학약품 등등 다양한 산업용품을 구매대행하고 있습니다. 연락처... ",유에스일공일/유에스원오원,20181102,https://blog.naver.com/us101-01/221389862784,0,"긍정과 부정이 혼재하거나 뚜렷한 감정 표현이 적어, 수면·이완(담요/수면 보조/힐링 관련) 제품에 대한 평가에 대해 중립에 가까운 평가가 많습니다.",sleep relaxation blanket cozy blanket weighted blanket sleep aid,en,2025-01-15,naver_blog,date,rule_based_custom_korean_lexicon_v1
수면-이완,보이 프렌드 선물 - Boyfriend Blanket,"'A weighted blanket may aid in reducing insomnia through altered tactile inputs, thus may provide an innovative, non-pharmacological approach and complementary tool to improve sleep... ",해외 직구 달인 / www.EZshopex.com,20181122,https://blog.naver.com/ezshopexpert/221403861891,0,"긍정과 부정이 혼재하거나 뚜렷한 감정 표현이 적어, 수면·이완(담요/수면 보조/힐링 관련) 제품에 대한 평가에 대해 중립에 가까운 평가가 많습니다.",sleep relaxation blanket cozy blanket weighted blanket sleep aid,en,2025-01-15,naver_blog,date,rule_based_custom_korean_lexicon_v1
수면-이완,해외직구 Amazon Launchpad - 1-2,"Natural Sleep Aid, Melatonin, GABA, 5-HTP, Snoozeberry - 10 Count, The Seaweed Bath Co.... for Relaxation + Sleep, Vegan nonda ZUS [Apple MFi Certified] Super Duty Lightning Cable with... ",해외물품 구매대행/수입대행 블로그,20181202,https://blog.naver.com/pseung1818/221410655771,0,"긍정과 부정이 혼재하거나 뚜렷한 감정 표현이 적어, 수면·이완(담요/수면 보조/힐링 관련) 제품에 대한 평가에 대해 중립에 가까운 평가가 많습니다.",sleep relaxation blanket cozy blanket weighted blanket sleep aid,en,2025-01-15,naver_blog,date,rule_based_custom_korean_lexicon_v1
수면-이완,[교육자료 공유]의학 약어 사전,Automatic Implantable Cardioverter Defibrillator AID; 1) Artificial Insemination Donor 2) Donor... Association of Sleep Disorders Centers; 미국 수면 질환 센터 협회 ASH; Asymmetric(al)... ,PCB 리버스엔지니어링 전문기업,20190422,https://blog.naver.com/jsghome/221519818201,0,"긍정과 부정이 혼재하거나 뚜렷한 감정 표현이 적어, 수면·이완(담요/수면 보조/힐링 관련) 제품에 대한 평가에 대해 중립에 가까운 평가가 많습니다.",sleep relaxation blanket cozy blanket weighted blanket sleep aid,en,2025-01-15,naver_blog,date,rule_based_custom_korean_lexicon_v1
수면-이완,The $70 billion quest for a good night's sleep - Fast... ,"I’m trapped under a cozy, chunky knit blanket made by Bearaby, a six-month old startup.... A decade ago, “sleep aid” was synonymous with sleeping pills, but these days, medication... ",Fast Company,20190430,https://www.fastcompany.com/90340280/the-70-billion-quest-for-a-good-nights-sleep,1,"대체로 약한 긍정 경향이 나타나며, 수면·이완(담요/수면 보조/힐링 관련) 제품에 대한 평가에서 기본적인 효용과 실용성이 인정됩니다.",sleep relaxation blanket cozy blanket weighted blanket sleep aid,en,2025-01-15,naver_blog,date,rule_based_custom_korean_lexicon_v1
수면-이완,산업용품해외구매는 '유에스일공일'로 문의주세요.... ,"Welding Blanket and Cover, 4 x 6 Brass Grommets For Easy Hanging and Protection Neiko 30062A 1/4 Air Die Grinder, 24,000 RPM Free Speed Mini and Compact Size Neiko 30069A Heavy Duty 7... ",유에스일공일/유에스원오원,20190505,https://blog.naver.com/us101-01/221530206028,0,"긍정과 부정이 혼재하거나 뚜렷한 감정 표현이 적어, 수면·이완(담요/수면 보조/힐링 관련) 제품에 대한 평가에 대해 중립에 가까운 평가가 많습니다.",sleep relaxation blanket cozy blanket weighted blanket sleep aid,en,2025-01-15,naver_blog,date,rule_based_custom_korean_lexicon_v1
수면-이완,수능 영어 기출 어휘 (1),"휴식, 나머지, 의존하다 ☐get enough sleep; 충분히 자다 ☐healthy; 건강에 좋은, 건강한... 잠시 후에 ☐go to sleep; 잠에 들다 ☐anthropologist; 인류학자 ☐companion; 친구 ☐cut off... ",AWESOME ENGLISH,20190621,https://blog.naver.com/awesome-2030/221567533383,0,"긍정과 부정이 혼재하거나 뚜렷한 감정 표현이 적어, 수면·이완(담요/수면 보조/힐링 관련) 제품에 대한 평가에 대해 중립에 가까운 평가가 많습니다.",sleep relaxation blanket cozy blanket weighted blanket sleep aid,en,2025-01-15,naver_blog,date,rule_based_custom_korean_lexicon_v1
수면-이완,The Bayside Propheices 1979,"Nightly as you close your eyes to sleep, you will say: Now I lay me down to sleep, I pray the Lord my soul to keep; If I should die before I wake, I pray the Lord my soul to take.... ",<성미카엘회> 베이사이드메세지 (BAYSIDE MESSAGES),20190803,https://blog.naver.com/sba0303/221604188491,0,"긍정과 부정이 혼재하거나 뚜렷한 감정 표현이 적어, 수면·이완(담요/수면 보조/힐링 관련) 제품에 대한 평가에 대해 중립에 가까운 평가가 많습니다.",sleep relaxation blanket cozy blanket weighted blanket sleep aid,en,2025-01-15,naver_blog,date,rule_based_custom_korean_lexicon_v1
수면-이완,던파의 아이템속 대사들 (DFO),"Mana Aid&gt; It's got electrolytes! That's what Mages crave! &lt;Chocolate Treat&gt; Delicious... ' - Your pal, the Snow Goblin &lt;Snow Goblin's Cozy Socks&gt; 'Do these fuzzy socks warm your heart?... ",niceboatsoss (모바일 금지),20190813,https://blog.naver.com/niceboatsoss/221614472347,0,"긍정과 부정이 혼재하거나 뚜렷한 감정 표현이 적어, 수면·이완(담요/수면 보조/힐링 관련) 제품에 대한 평가에 대해 중립에 가까운 평가가 많습니다.",sleep relaxation blanket cozy blanket weighted blanket sleep aid,en,2025-01-15,naver_blog,date,rule_based_custom_korean_lexicon_v1
수면-이완,양방 의학용어,"( sleep ) : 수면무호흡 - apoferritin : 아포페리틴 - aponeurosis : 널힘줄, 건막 - aponeurosis ( palmar) : 손바닥널힘줄, 수장건막 - aponeurositis : 널힘줄염, 건막염 - aponia : 무통... ",화목한의원 블로그,20191204,https://blog.naver.com/hwamok1175/221726564057,0,"긍정과 부정이 혼재하거나 뚜렷한 감정 표현이 적어, 수면·이완(담요/수면 보조/힐링 관련) 제품에 대한 평가에 대해 중립에 가까운 평가가 많습니다.",sleep relaxation blanket cozy blanket weighted blanket sleep aid,en,2025-01-15,naver_blog,date,rule_based_custom_korean_lexicon_v1
수면-이완,'never wtf is wrong w/ you',"very cozy. But I almost always have to have a fan blowing on me, even with the blanket and... special weighted socks posted by Flashman at 10:02 AM on March 3, 2020 [13 favorites] If... ",MetaFilter | Community Weblog,20200303,https://www.metafilter.com/185903/never-wtf-is-wrong-w-you,0,"긍정과 부정이 혼재하거나 뚜렷한 감정 표현이 적어, 수면·이완(담요/수면 보조/힐링 관련) 제품에 대한 평가에 대해 중립에 가까운 평가가 많습니다.",sleep relaxation blanket cozy blanket weighted blanket sleep aid,en,2025-01-15,naver_blog,date,rule_based_custom_korean_lexicon_v1
수면-이완,This new weighted comforter from Brooklinen might chill... ,"The interior quilted layer is weighted with glass microbeads. Altogether, this makes for an incredibly cozy and sumptuous sleep. The blankets also come in a variety of weights, to... ",Fast Company,20200312,https://www.fastcompany.com/90475513/feeling-anxious-this-new-weighted-comforter-from-brooklinen-might-chill-you-out,0,"긍정과 부정이 혼재하거나 뚜렷한 감정 표현이 적어, 수면·이완(담요/수면 보조/힐링 관련) 제품에 대한 평가에 대해 중립에 가까운 평가가 많습니다.",sleep relaxation blanket cozy blanket weighted blanket sleep aid,en,2025-01-15,naver_blog,date,rule_based_custom_korean_lexicon_v1
수면-이완,Take back your bed. We've got options to make your... ,"Ireland Weighted Blanket ($42.49 after discount; originally $99) is just the ticket to feel... muscle relaxation, increases blood flow and reduces stress. Or you can go with CarbonIce... ",Boing Boing | A directory of mostly wonderful things,20200322,https://boingboing.net/2020/03/22/take-back-your-bed-weve-go.html,0,"긍정과 부정이 혼재하거나 뚜렷한 감정 표현이 적어, 수면·이완(담요/수면 보조/힐링 관련) 제품에 대한 평가에 대해 중립에 가까운 평가가 많습니다.",sleep relaxation blanket cozy blanket weighted blanket sleep aid,en,2025-01-15,naver_blog,date,rule_based_custom_korean_lexicon_v1
수면-이완,These weighted blankets will help soothe those frayed... ,"And if you need the Cadillac of weighted technology, look no further than the Eight Sleep Gravity 15 lb. Weighted Blanket ($300). It's a limited edition design with all the relaxation... ",Boing Boing | A directory of mostly wonderful things,20200405,https://boingboing.net/2020/04/04/these-weighted-blankets-will-h.html,0,"긍정과 부정이 혼재하거나 뚜렷한 감정 표현이 적어, 수면·이완(담요/수면 보조/힐링 관련) 제품에 대한 평가에 대해 중립에 가까운 평가가 많습니다.",sleep relaxation blanket cozy blanket weighted blanket sleep aid,en,2025-01-15,naver_blog,date,rule_based_custom_korean_lexicon_v1
수면-이완,[Day 57] 오늘의 일지,"for relaxation. For children, help them identify a place where they can go to retreat when stressed. You can make this place cozy by using blankets, pillows, cushions, scarves, beanbags, tents... ",너와 나의 빛나는 순간,20200406,https://blog.naver.com/idesofmarch/221894461680,0,"긍정과 부정이 혼재하거나 뚜렷한 감정 표현이 적어, 수면·이완(담요/수면 보조/힐링 관련) 제품에 대한 평가에 대해 중립에 가까운 평가가 많습니다.",sleep relaxation blanket cozy blanket weighted blanket sleep aid,en,2025-01-15,naver_blog,date,rule_based_custom_korean_lexicon_v1
수면-이완,영문 토목 건설 용어 모음,apparent relaxation 겉보기릴랙세이션 apparent specific gravity 겉보기비중 apparent velocity 겉보기 유속 apporach surface 진입표면 approach 접근부 approach area 진입구역 approach... ,미국개미,20200520,https://usant.tistory.com/entry/%EC%98%81%EB%AC%B8-%ED%86%A0%EB%AA%A9-%EA%B1%B4%EC%84%A4-%EC%9A%A9%EC%96%B4-%EB%AA%A8%EC%9D%8C,0,"긍정과 부정이 혼재하거나 뚜렷한 감정 표현이 적어, 수면·이완(담요/수면 보조/힐링 관련) 제품에 대한 평가에 대해 중립에 가까운 평가가 많습니다.",sleep relaxation blanket cozy blanket weighted blanket sleep aid,en,2025-01-15,naver_blog,date,rule_based_custom_korean_lexicon_v1
수면-이완,"[코로나 바이러스] 미국 1,739,609, 브라질 396,166... ","안녕하십니까? 2020년 5월 27일(수) 오전 11시 51분입니다. 스피커 소리가 나면서 어젯 밤부터 2004년 PGA선수권 비제이 싱, 저스틴 레너드, 필... ",조선닷컴 골프카페 매니저의 블로그,20200528,https://blog.naver.com/chyhkim/221981333992,0,"긍정과 부정이 혼재하거나 뚜렷한 감정 표현이 적어, 수면·이완(담요/수면 보조/힐링 관련) 제품에 대한 평가에 대해 중립에 가까운 평가가 많습니다.",sleep relaxation blanket cozy blanket weighted blanket sleep aid,en,2025-01-15,naver_blog,date,rule_based_custom_korean_lexicon_v1
수면-이완,"ABSALOM,   ABSALOM! - WILLIAM FAULKNER / 압살롬, 압살롬!... ","ABSALOM, ABSALOM! - WILLIAM FAULKNER ABSALOM, ABSALOM! BY WILLIAM FAULKNER INTRODUCTION BY HARVEY BREIT THE MODERN LIBRARY - NEW YORK COPYRIGHT. 1936, BY WILLIAM FAULKNER COPYRIGHT... ",Premature Yet Splendid,20200607,https://blog.naver.com/apple488/221992651929,0,"긍정과 부정이 혼재하거나 뚜렷한 감정 표현이 적어, 수면·이완(담요/수면 보조/힐링 관련) 제품에 대한 평가에 대해 중립에 가까운 평가가 많습니다.",sleep relaxation blanket cozy blanket weighted blanket sleep aid,en,2025-01-15,naver_blog,date,rule_based_custom_korean_lexicon_v1
수면-이완,Homage to Catalonia - George Orwell / 카탈로니아 찬가... ,"leaders, after a visit to the front, said that he would try to see to it that 'every militiaman had a blanket'. A phrase to make you shudder if you have ever slept in a trench. On my... ",Premature Yet Splendid,20200705,https://blog.naver.com/apple488/222021415963,0,"긍정과 부정이 혼재하거나 뚜렷한 감정 표현이 적어, 수면·이완(담요/수면 보조/힐링 관련) 제품에 대한 평가에 대해 중립에 가까운 평가가 많습니다.",sleep relaxation blanket cozy blanket weighted blanket sleep aid,en,2025-01-15,naver_blog,date,rule_based_custom_korean_lexicon_v1
수면-이완,This weighted blanket will soothe your anxiety (and... ,"and sleep better. For some, help can come in the form of a weighted blanket, which can alleviate anxiety and help relaxation. The weighted blanket market is expected to double to more... ",Fast Company,20200930,https://www.fastcompany.com/90547626/bearaby-tree-napper-innovation-by-design-2020,0,"긍정과 부정이 혼재하거나 뚜렷한 감정 표현이 적어, 수면·이완(담요/수면 보조/힐링 관련) 제품에 대한 평가에 대해 중립에 가까운 평가가 많습니다.",sleep relaxation blanket cozy blanket weighted blanket sleep aid,en,2025-01-15,naver_blog,date,rule_based_custom_korean_lexicon_v1
수면-이완,I am a mother f@^*ing woman,"Being capable to confidently spend time on my own potential you are cozy with yourself, you like your self and you can revel in your very own company. These are all signs and symptoms... ",Dear Jessica,20201227,https://blog.naver.com/jessicasoojung/222186865803,0,"긍정과 부정이 혼재하거나 뚜렷한 감정 표현이 적어, 수면·이완(담요/수면 보조/힐링 관련) 제품에 대한 평가에 대해 중립에 가까운 평가가 많습니다.",sleep relaxation blanket cozy blanket weighted blanket sleep aid,en,2025-01-15,naver_blog,date,rule_based_custom_korean_lexicon_v1
수면-이완,Should Twitter have banned Trump?,"Should Twitter have banned Trump? by Tyler Cowen January 12, 2021 at 12:16 am in Current Affairs , Law , Political Science , Web/Tech As many of you will expect, I am fine with their... ",Marginal REVOLUTION - Small Steps Toward A Much Better World,20210112,https://marginalrevolution.com/marginalrevolution/2021/01/should-twitter-have-banned-trump.html,0,"긍정과 부정이 혼재하거나 뚜렷한 감정 표현이 적어, 수면·이완(담요/수면 보조/힐링 관련) 제품에 대한 평가에 대해 중립에 가까운 평가가 많습니다.",sleep relaxation blanket cozy blanket weighted blanket sleep aid,en,2025-01-15,naver_blog,date,rule_based_custom_korean_lexicon_v1
수면-이완,"[긴급 뉴스] 타이거 우즈, LA에서 제네시스 SUV를 몰다가... ",Woods later pleaded guilty to reckless driving and checked into a clinic to get help with prescription medication and a sleep disorder. Woods has not won since the Zozo Championship in... ,조선닷컴 골프카페 매니저의 블로그,20210224,https://blog.naver.com/chyhkim/222254482137,0,"긍정과 부정이 혼재하거나 뚜렷한 감정 표현이 적어, 수면·이완(담요/수면 보조/힐링 관련) 제품에 대한 평가에 대해 중립에 가까운 평가가 많습니다.",sleep relaxation blanket cozy blanket weighted blanket sleep aid,en,2025-01-15,naver_blog,date,rule_based_custom_korean_lexicon_v1
수면-이완,BBC article - for better sleep,"deep sleep, thus encouraging relaxation. At the end of the 40-minute session, the app... the sleep economy as well.” (Among other products, Gravity’s signature weighted blanket... ",MindPrint,20210226,https://blog.naver.com/uroorooquang/222257253974,0,"긍정과 부정이 혼재하거나 뚜렷한 감정 표현이 적어, 수면·이완(담요/수면 보조/힐링 관련) 제품에 대한 평가에 대해 중립에 가까운 평가가 많습니다.",sleep relaxation blanket cozy blanket weighted blanket sleep aid,en,2025-01-15,naver_blog,date,rule_based_custom_korean_lexicon_v1
수면-이완,산업용품해외구매는 '유에스일공일'로... ,"Sleep Defense System - PREMIUM Zippered Bed Bug & Dust Mite Proof Box Spring Encasement & Hypoallergenic Protector - 60-Inch by 80-inch, Queen [Sponsored]HOSPITOLOGY PRODUCTS Sleep... ",유에스일공일/유에스원오원,20210310,https://blog.naver.com/us101-01/222270174736,0,"긍정과 부정이 혼재하거나 뚜렷한 감정 표현이 적어, 수면·이완(담요/수면 보조/힐링 관련) 제품에 대한 평가에 대해 중립에 가까운 평가가 많습니다.",sleep relaxation blanket cozy blanket weighted blanket sleep aid,en,2025-01-15,naver_blog,date,rule_based_custom_korean_lexicon_v1
수면-이완,산업용품해외구매는 '유에스일공일'로 문의주세요. 2021031301,"Swivel, Weighted Attachment Concrete Plaster Pool Cleaning (1) 2-Pack Chlorinator Lid Replacement O-Ring For Pentair Rainbow Models 300/320 R172009 O-283 2 Pack 2-Pack Chlorinator Lid... ",유에스일공일/유에스원오원,20210313,https://blog.naver.com/us101-01/222273905380,0,"긍정과 부정이 혼재하거나 뚜렷한 감정 표현이 적어, 수면·이완(담요/수면 보조/힐링 관련) 제품에 대한 평가에 대해 중립에 가까운 평가가 많습니다.",sleep relaxation blanket cozy blanket weighted blanket sleep aid,en,2025-01-15,naver_blog,date,rule_based_custom_korean_lexicon_v1
수면-이완,This personal air cooler and aroma diffuser set will... ,"of relaxation, but in reality, work from home has cultivated an aura of stress in your... This set also serves as a high-quality sleep aid and stress reliever. That's right, get your... ",Boing Boing | A directory of mostly wonderful things,20210825,https://boingboing.net/2021/08/24/this-personal-air-cooler-and-aroma-diffuser-set-will-help-you-achieve-inner-peace-during-the-next-heatwave.html,0,"긍정과 부정이 혼재하거나 뚜렷한 감정 표현이 적어, 수면·이완(담요/수면 보조/힐링 관련) 제품에 대한 평가에 대해 중립에 가까운 평가가 많습니다.",sleep relaxation blanket cozy blanket weighted blanket sleep aid,en,2025-01-15,naver_blog,date,rule_based_custom_korean_lexicon_v1
수면-이완,"[뉴욕 패션 위크] 마이클 코즈, 라콴 스미스가 엠파이어... ","Held at Central Park’s Tavern 'on the Green, the show highlighted a cozy and warm environment with lush green arches adorned with blush pink roses and whites peonies. The structured and... ",조선닷컴 골프카페 매니저의 블로그,20210912,https://blog.naver.com/chyhkim/222502905305,0,"긍정과 부정이 혼재하거나 뚜렷한 감정 표현이 적어, 수면·이완(담요/수면 보조/힐링 관련) 제품에 대한 평가에 대해 중립에 가까운 평가가 많습니다.",sleep relaxation blanket cozy blanket weighted blanket sleep aid,en,2025-01-15,naver_blog,date,rule_based_custom_korean_lexicon_v1
수면-이완,[영어청취|발표] Hug Sleep (2) @ Shark Tank ||룩룩잉글리쉬,*weighted blanket I *ended up buying one of these weighted blankets and I tried it on and I... that relaxation in the body. *trigger Okay. The question is here how much time and energy do you... ,컨텐츠로 즐기는 룩룩잉글리쉬,20211017,https://blog.naver.com/koreangenie/222536723238,0,"긍정과 부정이 혼재하거나 뚜렷한 감정 표현이 적어, 수면·이완(담요/수면 보조/힐링 관련) 제품에 대한 평가에 대해 중립에 가까운 평가가 많습니다.",sleep relaxation blanket cozy blanket weighted blanket sleep aid,en,2025-01-15,naver_blog,date,rule_based_custom_korean_lexicon_v1
수면-이완,[알리광군제11월11일] 알리익스프레스 광군제 할인특가... ,Led Wall Lamp Long Wall Light Decor For Home Bedroom Living Room Surface mounted Sofa background Wall Sconce Lighting Fixture USD 37.00 USD 20.72 44 https://s.click.aliexpress.com/e... ,머니노하우,20211103,https://blog.naver.com/hledan/222556960921,0,"긍정과 부정이 혼재하거나 뚜렷한 감정 표현이 적어, 수면·이완(담요/수면 보조/힐링 관련) 제품에 대한 평가에 대해 중립에 가까운 평가가 많습니다.",sleep relaxation blanket cozy blanket weighted blanket sleep aid,en,2025-01-15,naver_blog,date,rule_based_custom_korean_lexicon_v1
수면-이완,SalePrice Click url Orders,com/e/_ACfk4h 2086 Beauty & Health Intelligent New Style Hearing Aid Rechargeable Low-Noise Wide-Frequency One-Click Operation Elderly In-Ear Deaf Hearing Aids USD 45.52 https://s.... ,falconworks님의블로그,20211123,https://blog.naver.com/falconworks/222576332452,0,"긍정과 부정이 혼재하거나 뚜렷한 감정 표현이 적어, 수면·이완(담요/수면 보조/힐링 관련) 제품에 대한 평가에 대해 중립에 가까운 평가가 많습니다.",sleep relaxation blanket cozy blanket weighted blanket sleep aid,en,2025-01-15,naver_blog,date,rule_based_custom_korean_lexicon_v1
수면-이완,Gift Guide: The best gifts for Mother's Day 2022,SORT BY All Categories Out and About Rest and Relaxation The Gourmand The Green Thumb The... $139 | Buy Now Bearaby Hugger Weighted Blanket Bearaby’s earth-friendly knitted throws are... ,Fast Company,20220503,https://www.fastcompany.com/90624288/these-39-creative-gifts-will-delight-your-mom-or-anyone-this-mothers-day,0,"긍정과 부정이 혼재하거나 뚜렷한 감정 표현이 적어, 수면·이완(담요/수면 보조/힐링 관련) 제품에 대한 평가에 대해 중립에 가까운 평가가 많습니다.",sleep relaxation blanket cozy blanket weighted blanket sleep aid,en,2025-01-15,naver_blog,date,rule_based_custom_korean_lexicon_v1
수면-이완,When people who lose,"a blanket, air purifier, air washer, and a private washbasin and shower for the symptoms of... and relaxation response of the septum. Even after lunchtime, the chilly weather suddenly... ",early4ym0님의블로그,20220726,https://blog.naver.com/early4ym0/222829011436,0,"긍정과 부정이 혼재하거나 뚜렷한 감정 표현이 적어, 수면·이완(담요/수면 보조/힐링 관련) 제품에 대한 평가에 대해 중립에 가까운 평가가 많습니다.",sleep relaxation blanket cozy blanket weighted blanket sleep aid,en,2025-01-15,naver_blog,date,rule_based_custom_korean_lexicon_v1
수면-이완,수면 촉진법,"Consider These Other Supplements Several supplements can induce relaxation and help you sleep... a cozy fleece blanket. Additionally, she sticks to consistent sleep times based on natural... ",Bestlife-21,20220730,https://blog.naver.com/khc0373/222834426873,0,"긍정과 부정이 혼재하거나 뚜렷한 감정 표현이 적어, 수면·이완(담요/수면 보조/힐링 관련) 제품에 대한 평가에 대해 중립에 가까운 평가가 많습니다.",sleep relaxation blanket cozy blanket weighted blanket sleep aid,en,2025-01-15,naver_blog,date,rule_based_custom_korean_lexicon_v1
수면-이완,수능 어휘 2,"1일차 rib 갈비 (요리) wait staff (집합적으로) 종업원 전체 feel at home (마음이) 편안하다 retire 은퇴하다 regular 보통의, 정기적인 /irregular 불규칙적인 world-class 세계 최상의... ",보거스 잉글리시,20220822,https://blog.naver.com/cdyeng/222855304373,1,"대체로 약한 긍정 경향이 나타나며, 수면·이완(담요/수면 보조/힐링 관련) 제품에 대한 평가에서 기본적인 효용과 실용성이 인정됩니다.",sleep relaxation blanket cozy blanket weighted blanket sleep aid,en,2025-01-15,naver_blog,date,rule_based_custom_korean_lexicon_v1
수면-이완,Forget weighted blankets. You need a weighted pillow... ,"a weighted blanket; she feel asleep instantly under its heaviness and slept for hours. She was surprised that something as simple and drug-free would induce so much sleep, but after... ",Fast Company,20220920,https://www.fastcompany.com/90790957/forget-weighted-blankets-you-need-a-weighted-pillow,0,"긍정과 부정이 혼재하거나 뚜렷한 감정 표현이 적어, 수면·이완(담요/수면 보조/힐링 관련) 제품에 대한 평가에 대해 중립에 가까운 평가가 많습니다.",sleep relaxation blanket cozy blanket weighted blanket sleep aid,en,2025-01-15,naver_blog,date,rule_based_custom_korean_lexicon_v1
수면-이완,어원사전 15501-16000(pinocytosis-pre.aqua),"pinocytosis : po(i)- 이 어원은 '부'=붓다=마시다는 의미를 가지고 있다, n. 음(飮)세포 작용 《세포막이 액체를 싸다시피하여 섭취하기》 -tot·ic[-tátik│-tɔt-] a. 'process by... ",영단어 꿀길잡이새,20221208,https://blog.naver.com/skspdl/222950260023,0,"긍정과 부정이 혼재하거나 뚜렷한 감정 표현이 적어, 수면·이완(담요/수면 보조/힐링 관련) 제품에 대한 평가에 대해 중립에 가까운 평가가 많습니다.",sleep relaxation blanket cozy blanket weighted blanket sleep aid,en,2025-01-15,naver_blog,date,rule_based_custom_korean_lexicon_v1
수면-이완,불면증 극복하는법 | 쾌적한 수면 생활 습관 만들기,"Weight: Weighted Blanket Improves Sleep And Increases Relaxation(2020) Arnarson BSc, Blue Light and Sleep: What's the Connection?(2020) Joshua J. Gooley,corresponding author Kyle Chamberlain, Kurt A. Smith, Sat Bir S. Khalsa, Shantha M. W.... ",오늘도 건강HOW~,20230109,https://blog.naver.com/citybalancekr/222978403301,0,"긍정과 부정이 혼재하거나 뚜렷한 감정 표현이 적어, 수면·이완(담요/수면 보조/힐링 관련) 제품에 대한 평가에 대해 중립에 가까운 평가가 많습니다.",sleep relaxation blanket cozy blanket weighted blanket sleep aid,en,2025-01-15,naver_blog,date,rule_based_custom_korean_lexicon_v1
수면-이완,당신의 삶에 필요한 10 가지 건강 및 웰빙 제품10... ,"A weighted blanket-가중담요 스트레스, 불안 우울증 줄이는 데 도움 2. 수면에 도움이 되는 편안한 음료. A Relaxing Drink to Help You Sleep 3. 쿨링 젤 아이 마스크.... ",국민주권세상,20230117,https://blog.naver.com/finemind/222987257869,2,"전반적으로 강한 긍정 경향이 나타나며, 수면·이완(담요/수면 보조/힐링 관련) 제품에 대한 평가에서 기능과 활용도에 대한 만족도가 높습니다.",sleep relaxation blanket cozy blanket weighted blanket sleep aid,en,2025-01-15,naver_blog,date,rule_based_custom_korean_lexicon_v1
수면-이완,◈ Homage to Catalonia (카탈루냐 찬가) 4 ◈ 조지... ,and weighted down with a heavy rifle and bayonet and a hundred and fifty cartridges. I took... He was bareheaded and seemed to have nothing on except a blanket which he was clutching... ,정현법사,20230205,https://blog.naver.com/bubsa0701/223005604092,0,"긍정과 부정이 혼재하거나 뚜렷한 감정 표현이 적어, 수면·이완(담요/수면 보조/힐링 관련) 제품에 대한 평가에 대해 중립에 가까운 평가가 많습니다.",sleep relaxation blanket cozy blanket weighted blanket sleep aid,en,2025-01-15,naver_blog,date,rule_based_custom_korean_lexicon_v1
수면-이완,◈ Homage to Catalonia 3(카탈루냐 찬가) ◈1938 조지 오웰,"MEANWHILE, the daily--more particularly nightly--round, the common task. Sentry-go, patrols, digging; mud, rain, shrieking winds, and occasional snow. It was not till well into April... ",정현법사,20230208,https://blog.naver.com/bubsa0701/223008758594,0,"긍정과 부정이 혼재하거나 뚜렷한 감정 표현이 적어, 수면·이완(담요/수면 보조/힐링 관련) 제품에 대한 평가에 대해 중립에 가까운 평가가 많습니다.",sleep relaxation blanket cozy blanket weighted blanket sleep aid,en,2025-01-15,naver_blog,date,rule_based_custom_korean_lexicon_v1
수면-이완,What can I give my child to fall asleep?,Meditation and relaxation techniques. ... Noise-canceling headphones. ... Eye masks and... A weighted blanket. ... No exercise right before bed. ... Make the bed for sleep only. How do I... ,jablelunchi님의블로그,20230310,https://blog.naver.com/jablelunchi/223040585770,0,"긍정과 부정이 혼재하거나 뚜렷한 감정 표현이 적어, 수면·이완(담요/수면 보조/힐링 관련) 제품에 대한 평가에 대해 중립에 가까운 평가가 많습니다.",sleep relaxation blanket cozy blanket weighted blanket sleep aid,en,2025-01-15,naver_blog,date,rule_based_custom_korean_lexicon_v1
수면-이완,What Are the Benefits of Using a Baby Sleeping Bag?,"healthy sleep routines is crucial. To aid in this process, maintain a temperature that is... The infant is not able to shift out of the bag as they would out of a sheet or blanket. The... ",howardtheatre님의블로그,20230322,https://blog.naver.com/howardtheatre/223051839201,0,"긍정과 부정이 혼재하거나 뚜렷한 감정 표현이 적어, 수면·이완(담요/수면 보조/힐링 관련) 제품에 대한 평가에 대해 중립에 가까운 평가가 많습니다.",sleep relaxation blanket cozy blanket weighted blanket sleep aid,en,2025-01-15,naver_blog,date,rule_based_custom_korean_lexicon_v1
수면-이완,비가 오는 날에는 특별한 분위기가 물씬 느껴집니다,"and relaxation. You can take a hot shower or bath to warm up your body and relax your mind. Put on... Finally, rainy days are perfect for snuggling up with someone special under a cozy blanket while... ",브요른,20230702,https://blog.naver.com/bundle5841/223144599853,0,"긍정과 부정이 혼재하거나 뚜렷한 감정 표현이 적어, 수면·이완(담요/수면 보조/힐링 관련) 제품에 대한 평가에 대해 중립에 가까운 평가가 많습니다.",sleep relaxation blanket cozy blanket weighted blanket sleep aid,en,2025-01-15,naver_blog,date,rule_based_custom_korean_lexicon_v1
수면-이완,163만 ENGLISH 문장 An p~And he's,An problem occured while processing the guide. 안내 곡선을 처리하는 중에 문제가 발생했습니다. An rather fond of taking a solitary stroll in the country. 나는 오히려 혼자서 촌(村)길을... ,유니버스여행안내,20230802,https://blog.naver.com/5222255/223173197417,-1,"대체로 약한 부정 경향이 나타나며, 수면·이완(담요/수면 보조/힐링 관련) 제품에 대한 평가에서 일부 기능·편의성·성능에 대한 아쉬움이 보고됩니다.",sleep relaxation blanket cozy blanket weighted blanket sleep aid,en,2025-01-15,naver_blog,date,rule_based_custom_korean_lexicon_v1
수면-이완,트렌드 이슈로 성인영어회화 해요,"and relaxation method 방법 Techniques or procedures used to achieve a goal [퀴즈로 트렌드 이슈... (weighted, blanket, improve) This is a way to improve sleep, using lavender oil or weighted blanket. → Using lavender oil or... ",Eunice의 소확행&영어~,20230803,https://blog.naver.com/haminee0691/223173390275,0,"긍정과 부정이 혼재하거나 뚜렷한 감정 표현이 적어, 수면·이완(담요/수면 보조/힐링 관련) 제품에 대한 평가에 대해 중립에 가까운 평가가 많습니다.",sleep relaxation blanket cozy blanket weighted blanket sleep aid,en,2025-01-15,naver_blog,date,rule_based_custom_korean_lexicon_v1
수면-이완,"영국 영어 미국 영어, 무엇이 왜 다를까","duvet blanket, covers 영 &lt;(英) Where's Bear? (Emily Gravett)&gt; 미 &lt;(美) Where's Bear? (Emily Gravett)&gt; 우편물... &lt;Where do Trains Sleep at Night?(Brianna Caplan Sayres)&gt;에서 미국식 트롤리를 볼 수 있습니다. ⑥... ",말문을 트는 그림책 엄마표 영어,20230930,https://blog.naver.com/j_h_l_e_e/223224811496,0,"긍정과 부정이 혼재하거나 뚜렷한 감정 표현이 적어, 수면·이완(담요/수면 보조/힐링 관련) 제품에 대한 평가에 대해 중립에 가까운 평가가 많습니다.",sleep relaxation blanket cozy blanket weighted blanket sleep aid,en,2025-01-15,naver_blog,date,rule_based_custom_korean_lexicon_v1
수면-이완,The Golden Bat,"The Golden Bat Author: Seol Daemyeong (雪大命) About the author: ▲Poet, novelist, child psychologist ▲Member of the Korean Pure Literature Association, member of the Korean... ",머돌이와 함께 하는 한자공부,20231217,https://blog.naver.com/sameface12/223295463541,0,"긍정과 부정이 혼재하거나 뚜렷한 감정 표현이 적어, 수면·이완(담요/수면 보조/힐링 관련) 제품에 대한 평가에 대해 중립에 가까운 평가가 많습니다.",sleep relaxation blanket cozy blanket weighted blanket sleep aid,en,2025-01-15,naver_blog,date,rule_based_custom_korean_lexicon_v1
수면-이완,Discover the Magical Glow of Lamplight - Illuminate... ,"a cozy and inviting environment. Unlike harsh fluorescent or bright LED lights, lamplight has a soothing effect on the eyes and promotes relaxation. The gentle, flickering nature of... ",kasuma review,20240203,https://blog.naver.com/kaosuman/223343196546,0,"긍정과 부정이 혼재하거나 뚜렷한 감정 표현이 적어, 수면·이완(담요/수면 보조/힐링 관련) 제품에 대한 평가에 대해 중립에 가까운 평가가 많습니다.",sleep relaxation blanket cozy blanket weighted blanket sleep aid,en,2025-01-15,naver_blog,date,rule_based_custom_korean_lexicon_v1
수면-이완,24.4.11. Vote & Haircut appointment,"to sleep. Since then, I've been sleeping in my study room. Without a bed, I've had to resort to laying my thick blanket on the floor, surprisingly finding it quite cozy. However, my... ",꾸지라니ccuzirani,20240411,https://blog.naver.com/ccuzirani/223412699672,0,"긍정과 부정이 혼재하거나 뚜렷한 감정 표현이 적어, 수면·이완(담요/수면 보조/힐링 관련) 제품에 대한 평가에 대해 중립에 가까운 평가가 많습니다.",sleep relaxation blanket cozy blanket weighted blanket sleep aid,en,2025-01-15,naver_blog,date,rule_based_custom_korean_lexicon_v1
수면-이완,해외 구매대행 Occupational Health & Safety Products... ,"Silicone Sleep Light,Touch Sensor Nightlights,Multicolor Night Light Gift for Kids Room... Fire Blanket Fiberglass Emergency Blanket Suppression Blanket. Flame Retardant Blanket... ",해외물품 구매대행/수입대행 블로그,20240724,https://blog.naver.com/pseung1818/223523784560,0,"긍정과 부정이 혼재하거나 뚜렷한 감정 표현이 적어, 수면·이완(담요/수면 보조/힐링 관련) 제품에 대한 평가에 대해 중립에 가까운 평가가 많습니다.",sleep relaxation blanket cozy blanket weighted blanket sleep aid,en,2025-01-15,naver_blog,date,rule_based_custom_korean_lexicon_v1
수면-이완,IELTS Speaking (24년 5-8월 기출) - Part 2&3 (Favourite... ,"There is a comfortable single bed with soft pillows and a warm blanket, perfect for relaxing or taking a... better sleep. Ideally, a balance of both mental and physical relaxation should be maintained for... ","비교불가, 압구정 아이엘츠 전문 어학원",20240804,https://blog.naver.com/ikian/223523695289,1,"대체로 약한 긍정 경향이 나타나며, 수면·이완(담요/수면 보조/힐링 관련) 제품에 대한 평가에서 기본적인 효용과 실용성이 인정됩니다.",sleep relaxation blanket cozy blanket weighted blanket sleep aid,en,2025-01-15,naver_blog,date,rule_based_custom_korean_lexicon_v1
수면-이완,(단어장) 카탈루냐 찬가_7.,"카탈루냐 찬가 - Chapter 7 기초 ( 130 단어) 초급 ( 128 단어) 중급 ( 746 단어) 고급 ( 187 단어) 기초 ( 130 단어) 기초 1 (173) a, an 하나의, 어느 하나의, 어떤(a certain), 같은 기초 2 (16) about 【əb... ",풀이를 위한 쓰임의 考察,20240816,https://blog.naver.com/1517plan/223549981206,0,"긍정과 부정이 혼재하거나 뚜렷한 감정 표현이 적어, 수면·이완(담요/수면 보조/힐링 관련) 제품에 대한 평가에 대해 중립에 가까운 평가가 많습니다.",sleep relaxation blanket cozy blanket weighted blanket sleep aid,en,2025-01-15,naver_blog,date,rule_based_custom_korean_lexicon_v1
수면-이완,Blanket Market Expected To Fuel Industry Growth With... ,"during sleep. The blanket market is witnessing significant growth driven by technological... Innovations such as weighted blankets, marketed for their potential to reduce anxiety and... ",mrudulagvr님의블로그,20240925,https://blog.naver.com/mrudulagvr/223596337706,0,"긍정과 부정이 혼재하거나 뚜렷한 감정 표현이 적어, 수면·이완(담요/수면 보조/힐링 관련) 제품에 대한 평가에 대해 중립에 가까운 평가가 많습니다.",sleep relaxation blanket cozy blanket weighted blanket sleep aid,en,2025-01-15,naver_blog,date,rule_based_custom_korean_lexicon_v1
수면-이완,"영화 '언피니시드' 출연진 및 줄거리, 영화 대본","I think even at this point, partly with the aid of Tom's... Tom Newman's emphasis is somehow... Where do I sleep? Marton's piano playing. Yes, Marten Csokas, sort of typical of the degree of... ",산책하기좋은날,20241014,https://blog.naver.com/webhackyo/223618168797,0,"긍정과 부정이 혼재하거나 뚜렷한 감정 표현이 적어, 수면·이완(담요/수면 보조/힐링 관련) 제품에 대한 평가에 대해 중립에 가까운 평가가 많습니다.",sleep relaxation blanket cozy blanket weighted blanket sleep aid,en,2025-01-15,naver_blog,date,rule_based_custom_korean_lexicon_v1
수면-이완,Why We Follow the Crowd in Emergencies - Psychology of... ,"The wall’s enclosure narrows the space, helping foster deeper, more restful sleep. People... and relaxation. Window seats also offer a sense of openness, counteracting the feeling of... ",글을 통해 삶을 나눠요,20241111,https://blog.naver.com/hur980421/223655668658,0,"긍정과 부정이 혼재하거나 뚜렷한 감정 표현이 적어, 수면·이완(담요/수면 보조/힐링 관련) 제품에 대한 평가에 대해 중립에 가까운 평가가 많습니다.",sleep relaxation blanket cozy blanket weighted blanket sleep aid,en,2025-01-15,naver_blog,date,rule_based_custom_korean_lexicon_v1
수면-이완,랭디 전화영어_36번째 수업,drift off to sleep 잠이 들다 ex. I used to drift off at about 3 a.m. 난 새벽 3시경에 잠들곤... cozy blanket 복습 ▶ Make sure to pay close attention to the class and not drift off while the professor... ,⨟,20241130,https://blog.naver.com/sh_j_1208/223678328994,0,"긍정과 부정이 혼재하거나 뚜렷한 감정 표현이 적어, 수면·이완(담요/수면 보조/힐링 관련) 제품에 대한 평가에 대해 중립에 가까운 평가가 많습니다.",sleep relaxation blanket cozy blanket weighted blanket sleep aid,en,2025-01-15,naver_blog,date,rule_based_custom_korean_lexicon_v1
수면-이완,"Wanting to sleep and feeling sleepy, but still being... ","slightly weighted blanket can be beneficial). 2. Set a sleep routine Create a relaxing pre... Calm your mind with relaxation techniques such as meditation or deep breathing, and manage... ",마인드 테라피 심리상담센터,20241227,https://blog.naver.com/mind-therapy/223707305680,0,"긍정과 부정이 혼재하거나 뚜렷한 감정 표현이 적어, 수면·이완(담요/수면 보조/힐링 관련) 제품에 대한 평가에 대해 중립에 가까운 평가가 많습니다.",sleep relaxation blanket cozy blanket weighted blanket sleep aid,en,2025-01-15,naver_blog,date,rule_based_custom_korean_lexicon_v1
수면-이완,NCLEX-OS 4) Labor and Birth,"Fetoscope (청진기 bell type) [Breathing Techniques] 목적: 통증 감소, relaxation stage 1... warm blanket, ice apply to perineum, massage uterus (산후통), breast-feeding support, newborn... ",염포메이션,20250130,https://blog.naver.com/kimmarry_/223742473630,0,"긍정과 부정이 혼재하거나 뚜렷한 감정 표현이 적어, 수면·이완(담요/수면 보조/힐링 관련) 제품에 대한 평가에 대해 중립에 가까운 평가가 많습니다.",sleep relaxation blanket cozy blanket weighted blanket sleep aid,en,2025-01-15,naver_blog,date,rule_based_custom_korean_lexicon_v1
수면-이완,"[그림자료]잠 못 드는 밤, 음악의 마법으로 꿀잠을 부르다","The style should be slightly surreal, emphasizing the feeling of peaceful relaxation and the gentle... a cozy blanket. A smartphone rests on the nightstand, displaying a sleep app interface showing a calming... ",흐르는생각,20250204,https://blog.naver.com/its_life/223746849733,0,"긍정과 부정이 혼재하거나 뚜렷한 감정 표현이 적어, 수면·이완(담요/수면 보조/힐링 관련) 제품에 대한 평가에 대해 중립에 가까운 평가가 많습니다.",sleep relaxation blanket cozy blanket weighted blanket sleep aid,en,2025-01-15,naver_blog,date,rule_based_custom_korean_lexicon_v1
수면-이완,The Economist Articles for Feb. 4th week : Feb. 23rd... ,"foreign aid into the woodchipper. Their work could not be more important, or more risky.... A wise relaxation of rules, as well as harmonised enforcement, would help Europe exploit AI’... ",imp10님의 블로그,20250214,https://blog.naver.com/imp10/223760203186,0,"긍정과 부정이 혼재하거나 뚜렷한 감정 표현이 적어, 수면·이완(담요/수면 보조/힐링 관련) 제품에 대한 평가에 대해 중립에 가까운 평가가 많습니다.",sleep relaxation blanket cozy blanket weighted blanket sleep aid,en,2025-01-15,naver_blog,date,rule_based_custom_korean_lexicon_v1
수면-이완,"[그림자료]잠 못 드는 밤, 우울한 마음... 당신도 이런 적 있나요?","The room is cozy and dark, with soft warm lighting and an aroma diffuser subtly present. The overall mood should be calm, peaceful, and conducive to sleep. Use warm color palettes and a focus on soft textures and... ",흐르는생각,20250221,https://blog.naver.com/its_life/223767899841,0,"긍정과 부정이 혼재하거나 뚜렷한 감정 표현이 적어, 수면·이완(담요/수면 보조/힐링 관련) 제품에 대한 평가에 대해 중립에 가까운 평가가 많습니다.",sleep relaxation blanket cozy blanket weighted blanket sleep aid,en,2025-01-15,naver_blog,date,rule_based_custom_korean_lexicon_v1
수면-이완,metastatic pleural effusion(Malignant Pleural Effusion),"[68] Clubbing Lovibond and Schamroth signs, along with a distal phalangeal to interphalangeal depth ratio greater than 1, are physical indicators that aid in determining the presence of... ",kusalamūlā,20250423,https://blog.naver.com/maggaphalajohn/223844201713,0,"긍정과 부정이 혼재하거나 뚜렷한 감정 표현이 적어, 수면·이완(담요/수면 보조/힐링 관련) 제품에 대한 평가에 대해 중립에 가까운 평가가 많습니다.",sleep relaxation blanket cozy blanket weighted blanket sleep aid,en,2025-01-15,naver_blog,date,rule_based_custom_korean_lexicon_v1
수면-이완,교육부지정 영어단어 3000-I,"a [eɪ], [ə] (관사) 하나의, 한 (정해지지 않은 대상을 나타낼 때 쓰이는 부정관사) 1) “I saw a cat in the garden.” → “나는 정원에서 고양이를 한 마리 보았다.” 2) “She... ",lovehada_님의 블로그,20250505,https://blog.naver.com/lovehada_/223855745234,0,"긍정과 부정이 혼재하거나 뚜렷한 감정 표현이 적어, 수면·이완(담요/수면 보조/힐링 관련) 제품에 대한 평가에 대해 중립에 가까운 평가가 많습니다.",sleep relaxation blanket cozy blanket weighted blanket sleep aid,en,2025-01-15,naver_blog,date,rule_based_custom_korean_lexicon_v1
수면-이완,[고등]#The ultimate guide to camping in your car,"I've broken down those essentials into seven categories: sleep, kitchen, maintenance... a relaxation game-changer. The unique, swingable design gives you the feel of being in a hammock... ",상상 그 이상으로 ~~,20250615,https://blog.naver.com/royalting90/223899648297,0,"긍정과 부정이 혼재하거나 뚜렷한 감정 표현이 적어, 수면·이완(담요/수면 보조/힐링 관련) 제품에 대한 평가에 대해 중립에 가까운 평가가 많습니다.",sleep relaxation blanket cozy blanket weighted blanket sleep aid,en,2025-01-15,naver_blog,date,rule_based_custom_korean_lexicon_v1
수면-이완,Why We Started Town Hall Meetings(A Practical Guide for... ,"The right to speak is weighted differently depending on the position, and employees in lower positions consider their opinions “burdensome.” In particular, for new employees who... ",PMP자격증 전문 블로그,20250705,https://blog.naver.com/sb22332/223922644105,0,"긍정과 부정이 혼재하거나 뚜렷한 감정 표현이 적어, 수면·이완(담요/수면 보조/힐링 관련) 제품에 대한 평가에 대해 중립에 가까운 평가가 많습니다.",sleep relaxation blanket cozy blanket weighted blanket sleep aid,en,2025-01-15,naver_blog,date,rule_based_custom_korean_lexicon_v1
수면-이완,"이 순간, 오직 당신과 이 소리만 #Take2 |  불안한 미래가... ","음악, Sleep aid music to gently end your tiring day, ♀️ 긴장을 풀어주는 요가 음악, Yoga music for deep relaxation,  부드러운 분위기를 연출하는 매장 BGM, Store background music for a... ",Life Info,20250718,https://blog.naver.com/monsterplant/223938012011,0,"긍정과 부정이 혼재하거나 뚜렷한 감정 표현이 적어, 수면·이완(담요/수면 보조/힐링 관련) 제품에 대한 평가에 대해 중립에 가까운 평가가 많습니다.",sleep relaxation blanket cozy blanket weighted blanket sleep aid,en,2025-01-15,naver_blog,date,rule_based_custom_korean_lexicon_v1
수면-이완,20250820 | GLOBAL HEALTH DESIGNER PERFORMANCE METRICS,"Preventive Care: Prioritize sleep hygiene, moderate drinking, and regular rest.  Today’s BAEKYA... Execution Readiness Routines: *아침 이불 완성 (Morning blanket completion) *외모... ","2026 대한민국 K-약사, 세계일류를 향하여",20250820,https://blog.naver.com/baekyabusinessclub/223976715346,0,"긍정과 부정이 혼재하거나 뚜렷한 감정 표현이 적어, 수면·이완(담요/수면 보조/힐링 관련) 제품에 대한 평가에 대해 중립에 가까운 평가가 많습니다.",sleep relaxation blanket cozy blanket weighted blanket sleep aid,en,2025-01-15,naver_blog,date,rule_based_custom_korean_lexicon_v1
수면-이완,20250825 (월) - 동물 동영상 만들기 4 : 아기호랑이는 어떻게... ,"bedtime, sleep aid, relaxation, unwind, meditation background 감성/무드: longing, nostalgia, cozy warmth, nocturnal romance, dreamy 영상용: cinematic bgm, aesthetic music, vlog music, editing music... ","남은 시간, 어릴 적 꿈을 성취해 나가는 삶...",20250825,https://blog.naver.com/hoooni5/223981994596,0,"긍정과 부정이 혼재하거나 뚜렷한 감정 표현이 적어, 수면·이완(담요/수면 보조/힐링 관련) 제품에 대한 평가에 대해 중립에 가까운 평가가 많습니다.",sleep relaxation blanket cozy blanket weighted blanket sleep aid,en,2025-01-15,naver_blog,date,rule_based_custom_korean_lexicon_v1
수면-이완,A Spring Shower,"Title: A Spring Shower: English edition of 'A Spring Shower' published on Amazon Kindle Store Author: Park Cheong-rae Contributor: Our Happy Youth Day Publication Date: October 20, 2025... ",기쁜젊은날,20251106,https://blog.naver.com/novel2024_01/224067190023,0,"긍정과 부정이 혼재하거나 뚜렷한 감정 표현이 적어, 수면·이완(담요/수면 보조/힐링 관련) 제품에 대한 평가에 대해 중립에 가까운 평가가 많습니다.",sleep relaxation blanket cozy blanket weighted blanket sleep aid,en,2025-01-15,naver_blog,date,rule_based_custom_korean_lexicon_v1
수면-이완,오픽AL - 집에서보내는휴가(단어/구문/예상질문),"Then I light a few candles, play soft music, and instantly the whole place feels like a cozy getaway. Once that’s done, I go into full-on relaxation mode. I don’t set an alarm, I sleep in... ",Notion archive,20251128,https://blog.naver.com/hhaileydaily/224091311781,0,"긍정과 부정이 혼재하거나 뚜렷한 감정 표현이 적어, 수면·이완(담요/수면 보조/힐링 관련) 제품에 대한 평가에 대해 중립에 가까운 평가가 많습니다.",sleep relaxation blanket cozy blanket weighted blanket sleep aid,en,2025-01-15,naver_blog,date,rule_based_custom_korean_lexicon_v1
수면-이완,001_Staying at home and reading with my kitten on a... ,"This combination is perfect for relaxation. 이 영상에서는 귀여운 고양이와 함께 집에서... Many people watch this kind of video to study, sleep, or take a break from their busy lives. The visuals are... ","가성비 시공 _ 경량철골 (주택,사무실,체류형쉼터 등",20251206,https://blog.naver.com/esperoamo/224100580254,0,"긍정과 부정이 혼재하거나 뚜렷한 감정 표현이 적어, 수면·이완(담요/수면 보조/힐링 관련) 제품에 대한 평가에 대해 중립에 가까운 평가가 많습니다.",sleep relaxation blanket cozy blanket weighted blanket sleep aid,en,2025-01-15,naver_blog,date,rule_based_custom_korean_lexicon_v1
수면-이완,"피아노,바이올린,어쿠스틱 기타 연주곡 휴식이 필요할 때 듣는... ","***********@gmail.com ❄️This video offers a moment of peaceful relaxation beside a warm fireplace on a... this cozy space, created just for you. [Play List] 00:00 Still Winter Night 01:59 Low Light Sleep 04:49... ",Adagio Cantabile,20251227,https://blog.naver.com/nyslydia/224124189967,0,"긍정과 부정이 혼재하거나 뚜렷한 감정 표현이 적어, 수면·이완(담요/수면 보조/힐링 관련) 제품에 대한 평가에 대해 중립에 가까운 평가가 많습니다.",sleep relaxation blanket cozy blanket weighted blanket sleep aid,en,2025-01-15,naver_blog,date,rule_based_custom_korean_lexicon_v1
수면-이완,"Whispering Love Songs for Relaxation, Study, Sleep",Heavy Blanket 13:35 This Night Could Last Forever 17:00 Winter At The Hearth 20:25 Living... Deep sleep and stress relief  Romantic winter dates with a loved one ❤️ Subscribe for more... ,Healing Music KKS,20260103,https://blog.naver.com/kimkihs1/224133091816,0,"긍정과 부정이 혼재하거나 뚜렷한 감정 표현이 적어, 수면·이완(담요/수면 보조/힐링 관련) 제품에 대한 평가에 대해 중립에 가까운 평가가 많습니다.",sleep relaxation blanket cozy blanket weighted blanket sleep aid,en,2025-01-15,naver_blog,date,rule_based_custom_korean_lexicon_v1
수면-이완,A Collection of Ballads About Our Lives,Sleep Aid: Lower the volume before bedtime to drift off in a forest dream. Daily Break: Press play... Embrace the harmony of nature and the magic of the flute to find both relaxation and meditation music... ,Adagio Cantabile,20260121,https://blog.naver.com/nyslydia/224154229845,0,"긍정과 부정이 혼재하거나 뚜렷한 감정 표현이 적어, 수면·이완(담요/수면 보조/힐링 관련) 제품에 대한 평가에 대해 중립에 가까운 평가가 많습니다.",sleep relaxation blanket cozy blanket weighted blanket sleep aid,en,2025-01-15,naver_blog,date,rule_based_custom_korean_lexicon_v1
수면-이완,[2026년 1월 최신] 아이엘츠 스피킹 기출 완벽 분석... ,"A soft throw blanket drapes over the chair for cooler evenings. The aesthetic is... Environmental factors matter too – noisy, chaotic living situations prevent relaxation. Sleep... ",IELTS 1:1 온라인 과외,20260123,https://blog.naver.com/ielts_soyeong/224157074536,0,"긍정과 부정이 혼재하거나 뚜렷한 감정 표현이 적어, 수면·이완(담요/수면 보조/힐링 관련) 제품에 대한 평가에 대해 중립에 가까운 평가가 많습니다.",sleep relaxation blanket cozy blanket weighted blanket sleep aid,en,2025-01-15,naver_blog,date,rule_based_custom_korean_lexicon_v1
수면-이완,The Hand Therapy Handbook(골드붕어 아마존 책),Mental Calm: Simple rituals to help settle a racing mind and support a restful night’s sleep. Special... Step-by-Step Guide: Supporting Your Upper Body Relaxation (실전 가이드: 상체의 이완을 돕는 방법)... ,골드붕어 0원 창업 연구소,20260124,https://blog.naver.com/2021goldfish/224157497987,0,"긍정과 부정이 혼재하거나 뚜렷한 감정 표현이 적어, 수면·이완(담요/수면 보조/힐링 관련) 제품에 대한 평가에 대해 중립에 가까운 평가가 많습니다.",sleep relaxation blanket cozy blanket weighted blanket sleep aid,en,2025-01-15,naver_blog,date,rule_based_custom_korean_lexicon_v1
수면-이완,눈길 걷기 A to Z - 안전하고 즐거운 겨울 산책을 위한 완벽... ,"They are holding a warm mug, with steam rising, and have a cozy blanket draped over them. A window in the background shows a snowy scene outside, symbolizing the transition from cold outdoor activity to warm relaxation. The... ",적토만보(積土萬步) - 걸어요,20260202,https://blog.naver.com/redwoodin/224168461637,0,"긍정과 부정이 혼재하거나 뚜렷한 감정 표현이 적어, 수면·이완(담요/수면 보조/힐링 관련) 제품에 대한 평가에 대해 중립에 가까운 평가가 많습니다.",sleep relaxation blanket cozy blanket weighted blanket sleep aid,en,2025-01-15,naver_blog,date,rule_based_custom_korean_lexicon_v1
수면-이완,Visual Poems | Renoir ASMR | Crafting Lavender Handmade... ,"of cozy lavender candles, and the charm of traditional cloth sachets—experience the entire... How this music supports your well-being: ✨ Deep Sleep & Relaxation – Slow, gentle harmonies... ",Adagio Cantabile,20260206,https://blog.naver.com/nyslydia/224173618176,0,"긍정과 부정이 혼재하거나 뚜렷한 감정 표현이 적어, 수면·이완(담요/수면 보조/힐링 관련) 제품에 대한 평가에 대해 중립에 가까운 평가가 많습니다.",sleep relaxation blanket cozy blanket weighted blanket sleep aid,en,2025-01-15,naver_blog,date,rule_based_custom_korean_lexicon_v1
수면-이완,쓸쓸하지만 따뜻한 밀라노에서 듣는 지아니 페라리오... ,"How this music supports your well-being: ✨ Deep Sleep & Relaxation – Slow, gentle harmonies... 2 https://www.youtube.com/watch?v=0eKb_VN8P7M Cozy Night 사랑 다나위너. DanaWinner.... ",Adagio Cantabile,20260210,https://blog.naver.com/nyslydia/224178308120,0,"긍정과 부정이 혼재하거나 뚜렷한 감정 표현이 적어, 수면·이완(담요/수면 보조/힐링 관련) 제품에 대한 평가에 대해 중립에 가까운 평가가 많습니다.",sleep relaxation blanket cozy blanket weighted blanket sleep aid,en,2025-01-15,naver_blog,date,rule_based_custom_korean_lexicon_v1
수면-이완,"Emotional Piano, Violin & Cello for Deep Sleep & Calm Mind","How this music supports your well-being: ✨ Deep Sleep & Relaxation – Slow, gentle harmonies help... Wander through English gardens in full bloom, peek into cozy parlors where cats doze by the fire, and... ",Adagio Cantabile,20260214,https://blog.naver.com/nyslydia/224183533696,0,"긍정과 부정이 혼재하거나 뚜렷한 감정 표현이 적어, 수면·이완(담요/수면 보조/힐링 관련) 제품에 대한 평가에 대해 중립에 가까운 평가가 많습니다.",sleep relaxation blanket cozy blanket weighted blanket sleep aid,en,2025-01-15,naver_blog,date,rule_based_custom_korean_lexicon_v1
수면-이완,[] 봄 클래식,"cozy. classicalmusic The Lady Artist | Visual Poem | Victorian London The Lady Artist | Visual... How this music supports your well-being: ✨ Deep Sleep & Relaxation – Slow, gentle harmonies help... ",Adagio Cantabile,20260218,https://blog.naver.com/nyslydia/224186921581,0,"긍정과 부정이 혼재하거나 뚜렷한 감정 표현이 적어, 수면·이완(담요/수면 보조/힐링 관련) 제품에 대한 평가에 대해 중립에 가까운 평가가 많습니다.",sleep relaxation blanket cozy blanket weighted blanket sleep aid,en,2025-01-15,naver_blog,date,rule_based_custom_korean_lexicon_v1
